"ID","Arabic","Turkish","Books","Topics","Chain"
"1.1","وَحَدَّثَنَا أَبُو كُرَيْبٍ مُحَمَّدُ بْنُ الْعَلاَءِ حَدَّثَنَا وَكِيعٌ عَنْ قُرَّةَ بْنِ خَالِدٍ عَنْ حُمَيْدِ بْنِ هِلاَلٍ عَنْ خَالِدِ بْنِ عُمَيْرٍ قَالَ سَمِعْتُ عُتْبَةَ بْنَ غَزْوَانَ يَقُولُ: ""لَقَدْ رَأَيْتُنِى سَابِعَ سَبْعَةٍ مَعَ رَسُولِ اللَّهِ صلى الله عليه وسلم مَا طَعَامُنَا إِلاَّ وَرَقُ الْحُبْلَةِ حَتَّى قَرِحَتْ أَشْدَاقُنَا"" .","Bize Ebu Kureyb Muhammed b. Alâ, ona Veki', ona Kurra İbn Hâlid, ona Humeyd b. Hilâl, ona Hâlid b. Umeyr rivayet etmiştir. Utbe b. Gazvân şöyle demiştir: ""Ben Resûlüllah'la (sav) bir­likte bulunan yedi kişiden biriydim. Bizim Huble yap­rağından başka yiyeceğimiz yoktu. Öyle ki onu yemekten ağızlarımız yara oldu.""","Müslim; Sahîh-i Müslim; Zühd (ve'r-rikâk); 7437, /1213","Geçim, Hz. Peygamber'in geçim sıkıntısı","14; 4523; 843; 1579; 277; 687; 50"
"1.2","حَدَّثَنَا مُحَمَّدُ بْنُ أَبِى عُمَرَ حَدَّثَنَا سُفْيَانُ عَنْ سُهَيْلِ بْنِ أَبِى صَالِحٍ عَنْ أَبِيهِ عَنْ أَبِى هُرَيْرَةَ قَالَ قَالُوا يَا رَسُولَ اللَّهِ هَلْ نَرَى رَبَّنَا يَوْمَ الْقِيَامَةِ قَالَ « هَلْ تُضَارُّونَ فِى رُؤْيَةِ الشَّمْسِ فِى الظَّهِيرَةِ لَيْسَتْ فِى سَحَابَةٍ » . قَالُوا لاَ . قَالَ « فَهَلْ تُضَارُّونَ فِى رُؤْيَةِ الْقَمَرِ لَيْلَةَ الْبَدْرِ لَيْسَ فِى سَحَابَةٍ » . قَالُوا لاَ . قَالَ « فَوَالَّذِى نَفْسِى بِيَدِهِ لاَ تُضَارُّونَ فِى رُؤْيَةِ رَبِّكُمْ إِلاَّ كَمَا تُضَارُّونَ فِى رُؤْيَةِ أَحَدِهِمَا - قَالَ - فَيَلْقَى الْعَبْدَ فَيَقُولُ أَىْ فُلْ أَلَمْ أُكْرِمْكَ وَأُسَوِّدْكَ وَأُزَوِّجْكَ وَأُسَخِّرْ لَكَ الْخَيْلَ وَالإِبِلَ وَأَذَرْكَ تَرْأَسُ وَتَرْبَعُ فَيَقُولُ بَلَى . قَالَ فَيَقُولُ أَفَظَنَنْتَ أَنَّكَ مُلاَقِىَّ فَيَقُولُ لاَ . فَيَقُولُ فَإِنِّى أَنْسَاكَ كَمَا نَسِيتَنِى . ثُمَّ يَلْقَى الثَّانِىَ فَيَقُولُ أَىْ فُلْ أَلَمْ أُكْرِمْكَ وَأُسَوِّدْكَ وَأُزَوِّجْكَ وَأُسَخِّرْ لَكَ الْخَيْلَ وَالإِبِلَ وَأَذَرْكَ تَرْأَسُ وَتَرْبَعُ فَيَقُولُ بَلَى أَىْ رَبِّ . فَيَقُولُ أَفَظَنَنْتَ أَنَّكَ مُلاَقِىَّ فَيَقُولُ لاَ . فَيَقُولُ فَإِنِّى أَنْسَاكَ كَمَا نَسِيتَنِى . ثُمَّ يَلْقَى الثَّالِثَ فَيَقُولُ لَهُ مِثْلَ ذَلِكَ فَيَقُولُ يَا رَبِّ آمَنْتُ بِكَ وَبِكِتَابِكَ وَبِرُسُلِكَ وَصَلَّيْتُ وَصُمْتُ وَتَصَدَّقْتُ . وَيُثْنِى بِخَيْرٍ مَا اسْتَطَاعَ فَيَقُولُ هَا هُنَا إِذًا - قَالَ - ثُمَّ يُقَالُ لَهُ الآنَ نَبْعَثُ شَاهِدَنَا عَلَيْكَ . وَيَتَفَكَّرُ فِى نَفْسِهِ مَنْ ذَا الَّذِى يَشْهَدُ عَلَىَّ فَيُخْتَمُ عَلَى فِيهِ وَيُقَالُ لِفَخِذِهِ وَلَحْمِهِ وَعِظَامِهِ انْطِقِى فَتَنْطِقُ فَخِذُهُ وَلَحْمُهُ وَعِظَامُهُ بِعَمَلِهِ وَذَلِكَ لِيُعْذِرَ مِنْ نَفْسِهِ . وَذَلِكَ الْمُنَافِقُ وَذَلِكَ الَّذِى يَسْخَطُ اللَّهُ عَلَيْهِ » .","Bize Muhammed b. Ebî Ömer, ona Süfyân, ona Süheyl b. Ebî Sâlih, ona babası, ona da Ebû Hureyre'nin (ra.) rivâyet ettiğine göre, ashâb-ı kirâm; ""Ey Allah’ın rasûlü, kıyamet gününde rabbimizi görecek miyiz?"" diye sordular. Hz. Peygamber; ""- Bulutsuz bir günde ve öğle vaktinde güneşi görmekte zorlanır mısınız?"" diye sordu. “- Hayır!” dediler. Tekrar; “Bulutsuz ve dolunaylı bir gecede ayı görmekte zorlanır mısınız?” diye sordu. Yine; “- Hayır!” dediler. Bunun üzerine Hz. Peygamber şunları söyledi: “- Hayatım elinde olan Allah’a yemin ederim ki, (o gün) Rabbinizi görmek konusunda çekeceğiniz zorluk, ancak (bugün) ay ve güneşi görmek konusunda çektiğiniz zorluk kadar olacaktır. Rabbi gelen kuluna; “- Ey falan! Sana ikrâm etmedim mi? Seni efendi yapmadım mı? Sana eş vermedim mi? Atları, develeri sana müsahhar kılmadım mı? Reis olmana ve bu vesile ile ganimetin dörtte birini almana imkân vermedim mi?” diyecek. İnsan da; “- Evet ya Rabbi!” diyecek. O zaman Allah; “- Bana kavuşacağını düşündün mü?” diyecek. İnsan da; “- Hayır!” diyecek. Bunun üzerine Allah; “- Öyleyse sen (dünyada) beni unuttuğun gibi bugün ben de seni unutuyorum” buyuracak. Sonra ikinci bir kul gelir. Allah ona da; “- Ey falan! Sana ikrâm etmedim mi? Seni efendi yapmadım mı? Sana eş vermedim mi? Atları, develeri sana müsahhar kılmadım mı? Reis olmana ve bu vesile ile ganimetin dörtte birini almana imkân vermedim mi?” diyecek. İnsan da; “- Evet ya Rabbi!” diyecek. O zaman Allah; “- Bana kavuşacağını düşündün mü?” diyecek. İnsan da; “- Hayır!” diyecek. Bunun üzerine Allah; “- Öyleyse sen (dünyada) beni unuttuğun gibi bugün ben de seni unutuyorum” buyuracak. Sonra üçüncü kul gelir, Allah ona da aynı şeyleri söyler. O kul da; “- Ey Rabbim! Sana, Kitabına ve Peygamberlerine iman ettim. Namaz kıldım, oruç tuttum ve sadaka verdim” der ve elinden geldiği kadar hayırla senâda bulunur. Bunun üzerine Allah; “- Öyleyse sen şuraya buyur!” der. Sonra ona; “- Şimdi senin aleyhine bir şahit göndereceğiz” denilir. Bunun üzerine insan kendi kendine; ‘acaba aleyhime şahitlik yapacak olan kimdir?’ diye düşünmeye başlar. Sonra hemen ağzı mühürlenir, uyluğuna, etine ve kemiğine; “- Konuşun!” denir. O zaman uyluğu, eti ve kemiği bütün yaptıklarını anlatır. Bu, ona mazeret dileme imkânı bırakmamak içindir. Bu adam, Allah’ın gazabına uğrayacak olan bir münafıktır.”","Müslim; Sahîh-i Müslim; Zühd (ve'r-rikâk); 7438, /1213","Allah İnancı, Allah'ın görülmesi, rü'yetullah, cemalullah; KTB, İMAN; Mizan, hesap esnasında dilin tutulması ve azaların konuşması","50; 266; 265; 1; 1497"
"1.3","حَدَّثَنَا أَبُو بَكْرِ بْنُ النَّضْرِ بْنِ أَبِى النَّضْرِ حَدَّثَنِى أَبُو النَّضْرِ هَاشِمُ بْنُ الْقَاسِمِ حَدَّثَنَا عُبَيْدُ اللَّهِ الأَشْجَعِىُّ عَنْ سُفْيَانَ الثَّوْرِىِّ عَنْ عُبَيْدٍ الْمُكْتِبِ عَنْ فُضَيْلٍ عَنِ الشَّعْبِىِّ عَنْ أَنَسِ بْنِ مَالِكٍ قَالَ كُنَّا عِنْدَ رَسُولِ اللَّهِ صلى الله عليه وسلم فَضَحِكَ فَقَالَ « هَلْ تَدْرُونَ مِمَّ أَضْحَكُ » . قَالَ قُلْنَا اللَّهُ وَرَسُولُهُ أَعْلَمُ . قَالَ « مِنْ مُخَاطَبَةِ الْعَبْدِ رَبَّهُ يَقُولُ يَا رَبِّ أَلَمْ تُجِرْنِى مِنَ الظُّلْمِ قَالَ يَقُولُ بَلَى . قَالَ فَيَقُولُ فَإِنِّى لاَ أُجِيزُ عَلَى نَفْسِى إِلاَّ شَاهِدًا مِنِّى قَالَ فَيَقُولُ كَفَى بِنَفْسِكَ الْيَوْمَ عَلَيْكَ شَهِيدًا وَبِالْكِرَامِ الْكَاتِبِينَ شُهُودًا - قَالَ - فَيُخْتَمُ عَلَى فِيهِ فَيُقَالُ لأَرْكَانِهِ انْطِقِى . قَالَ فَتَنْطِقُ بِأَعْمَالِهِ - قَالَ - ثُمَّ يُخَلَّى بَيْنَهُ وَبَيْنَ الْكَلاَمِ - قَالَ - فَيَقُولُ بُعْدًا لَكُنَّ وَسُحْقًا . فَعَنْكُنَّ كُنْتُ أُنَاضِلُ » .","Bize Ebû Bekir b. en-Nadr b. Ebî'n-Nadr, ona Ebû'n-Nadr Hâşim b. el-Kasım, ona Ubeydullah el-Eşcaî, ona Süfyân es-Sevrî, ona Ubeyd el-Müktib, ona Fudayl, ona eş-Şa'bî, ona da Enes b. Mâlik (ra.) şöyle rivâyet etti: “Rasûlullah’ın (sav.) huzurunda oturuyorduk. Bir ara Hz. Peygamber gülümsedi; “- Neden güldüğümü anladınız mı?” diye sordu. “- En iyisini Allah ve Rasûlü bilir” dedik. “- Kulun Rabbine olan sözlerinden güldüm” dedi ve şöyle izah etti: Kul, Rabbine; “- Ey Rabbim; sen beni zulümden korumadın mı?” diye sorar. Cenâb-ı Hak da; “- Evet” der. Kul; “- Öyleyse ben bugün, kendim için kendimden başka birinin şahitliğini istemiyorum” deyince, Allah; “- Bugün sana tek şahit olarak nefsin, çok şahit olarak da kirâmen kâtibîn melekleri yeter” buyurur. Bunun üzerine insanın ağzı mühürlenir ve uzuvlarına; “- Konuş!” diye emredilir. Onlar da yaptıklarını anlatırlar. Sonra insana konuşma imkânı verilir. Bunun üzerine adam, uzuvlarına; “Lanet olsun size! Defolun! Ben sizin için mücadele ediyordum” der.","Müslim; Sahîh-i Müslim; Zühd (ve'r-rikâk); 7439, /1214","KTB, İMAN; Melekler, Kiramen Katibin Melekleri; Mizan, hesap esnasında dilin tutulması ve azaların konuşması","102; 86; 3537; 1761; 167; 4519; 449; 2089"
"1.4","حَدَّثَنِى زُهَيْرُ بْنُ حَرْبٍ حَدَّثَنَا مُحَمَّدُ بْنُ فُضَيْلٍ عَنْ أَبِيهِ عَنْ عُمَارَةَ بْنِ الْقَعْقَاعِ عَنْ أَبِى زُرْعَةَ عَنْ أَبِى هُرَيْرَةَ قَالَ قَالَ رَسُولُ اللَّهِ صلى الله عليه وسلم: "" اللَّهُمَّ اجْعَلْ رِزْقَ آلِ مُحَمَّدٍ قُوتًا "" .","Bana Züheyr b. Harb (el-Haraşî), ona Muhammed b. Fudayl (ed-Dabbî), ana babası (Fudayl b. Ğazvan ed-Dabbî), ona Umare b. Ka’ka’ (ed-Dabbî), ona Ebu Zür’a (b. Amr el-Becelî), ona da Ebu Hüreyre Rasul-i Ekrem’in (sav) şöyle dua ettiğini nakletti: ""Allah’ım! Muhammed ailesinin rızkını (el avuç açmadan geçimine) yetecek kadar ver!""","Müslim; Sahîh-i Müslim; Zühd (ve'r-rikâk); 7440, /1214","Geçim, Hz. Peygamber, ailesinin geçimini sağlaması; Müslüman, kanaatkâr/haris/tamahkâr olmak","50; 1440; 1483; 2863; 740; 871"
"1.5","وَحَدَّثَنَا أَبُو بَكْرِ بْنُ أَبِى شَيْبَةَ وَعَمْرٌو النَّاقِدُ وَزُهَيْرُ بْنُ حَرْبٍ وَأَبُو كُرَيْبٍ قَالُوا حَدَّثَنَا وَكِيعٌ حَدَّثَنَا الأَعْمَشُ عَنْ عُمَارَةَ بْنِ الْقَعْقَاعِ عَنْ أَبِى زُرْعَةَ عَنْ أَبِى هُرَيْرَةَ قَالَ قَالَ رَسُولُ اللَّهِ صلى الله عليه وسلم: "" اللَّهُمَّ اجْعَلْ رِزْقَ آلِ مُحَمَّدٍ قُوتًا "" . وَفِى رِوَايَةِ عَمْرٍو: "" اللَّهُمَّ ارْزُقْ "" .","Bize Ebubekir b. Ebu Şeybe, Amr en-Nâkıd, Züheyr b. Harb ve Ebu Küreyb (Muhammed b. Alâ), onlara Veki' (b. Cerrâh), ona A'meş (Süleyman b. Mihrân), ona Umara b. Ka'kâ', ona Ebu Zür'a (b. Amr el-Becelî)), ona da Ebu Hüreyre (ra), Rasulullah’ın (sav) şöyle buyurduğunu rivayet etti: ""Allah'ım! Muhammed'in ailesinin rızkını yetecek kadar ver!"" Amr'ın rivayetinde: ""İc'al rızka..."" yerine 'urzuk' ""Allah'ım rızıklandır"" ifadesi yer almıştır.","Müslim; Sahîh-i Müslim; Zühd (ve'r-rikâk); 7441, /1214","Geçim, Hz. Peygamber, ailesinin geçimini sağlaması; Hz. Peygamber, duaları","50; 1440; 1483; 159; 277; 52"
"1.6","وَحَدَّثَنَاهُ أَبُو سَعِيدٍ الأَشَجُّ حَدَّثَنَا أَبُو أُسَامَةَ قَالَ سَمِعْتُ الأَعْمَشَ ذَكَرَ عَنْ عُمَارَةَ بْنِ الْقَعْقَاعِ بِهَذَا الإِسْنَادِ وَقَالَ: ""كَفَافًا""","Bize Ebu Said Abdullah b. Said Eşecc, ona Ebu Üsame (Hammâd b. Üsâme), ona A'meş (Süleyman b. Mihrân), ona Umâre b. Ka'kâ ed-Dabbî, ona Ebu Zur'a b. Amr el-Becelî, ona da Ebû Hureyre'nin bu isnadla aktardığına göre şöyle buyurmuştur: ""Hz. Peygamber (bir önceki rivayette 'Allahım! Âli Muhammed'in rızkını yetecek kadar ver' duasında kût kelimesi yerine) "" kefâf "" kelimesini kullanmıştır.""","Müslim; Sahîh-i Müslim; Zühd (ve'r-rikâk); 7442, /1214","Geçim, Hz. Peygamber, ailesinin geçimini sağlaması; Hz. Peygamber, duaları","50; 1440; 1483; 159; 751; 602"
"1.7","حَدَّثَنَا أَبُو بَكْرِ بْنُ أَبِى شَيْبَةَ وَأَبُو كُرَيْبٍ وَإِسْحَاقُ بْنُ إِبْرَاهِيمَ قَالَ إِسْحَاقُ أَخْبَرَنَا وَقَالَ الآخَرَانِ حَدَّثَنَا أَبُو مُعَاوِيَةَ عَنِ الأَعْمَشِ عَنْ إِبْرَاهِيمَ عَنِ الأَسْوَدِ عَنْ عَائِشَةَ قَالَتْ: "" مَا شَبِعَ رَسُولُ اللَّهِ صلى الله عليه وسلم ثَلاَثَةَ أَيَّامٍ تِبَاعًا مِنْ خُبْزِ بُرٍّ حَتَّى مَضَى لِسَبِيلِهِ .""","Bize Ebu Bekir b. Ebu Şeybe ile Ebu Küreyb ve İshak b. İbrahim, onlara Ebu Muaviye (Muhammed b. Hâzim), ona (Süleyman b. Mihran) el-A’meş, ona İbrahim (en-Nehaî), ona da Esved (b. Yezid en-Nehaî), Aişe’nin (r. anha) şöyle dediğini nakletti: ""Rasulullah (sav) göçüp gidinceye kadar üç gün arka arkaya buğday ekmeğinden doya doya yememiştir.""","Müslim; Sahîh-i Müslim; Zühd (ve'r-rikâk); 7444, /1214","Geçim, Hz. Peygamber'in geçim sıkıntısı; Hz. Peygamber, örnekliği; Müslüman, kanaatkâr/haris/tamahkâr olmak","11; 267; 896; 159; 88; 52"
"1.8","حَدَّثَنَا مُحَمَّدُ بْنُ الْمُثَنَّى وَمُحَمَّدُ بْنُ بَشَّارٍ قَالاَ حَدَّثَنَا مُحَمَّدُ بْنُ جَعْفَرٍ حَدَّثَنَا شُعْبَةُ عَنْ أَبِى إِسْحَاقَ قَالَ سَمِعْتُ عَبْدَ الرَّحْمَنِ بْنَ يَزِيدَ يُحَدِّثُ عَنِ الأَسْوَدِ عَنْ عَائِشَةَ أَنَّهَا قَالَتْ: "" مَا شَبِعَ آلُ مُحَمَّدٍ صلى الله عليه وسلم مِنْ خُبْزِ شَعِيرٍ يَوْمَيْنِ مُتَتَابِعَيْنِ حَتَّى قُبِضَ رَسُولُ اللَّهِ صلى الله عليه وسلم "" .","Bize Muhammed b. Müsenna (el-Anezî) ile Muhammed b. Beşşar, onlara Muhammed b. Cafer (el-Hüzelî), ona Şu’be (b. Haccac el-Atekî), ona Ebu İshak (es-Sebî), ona Abdurrahman b. Yezid (en-Nehaî), ona da Esved (b. Yezid en-Nehaî), Aişe’nin (r. anha) şöyle dediğini nakletti: ""Muhammed (sav) ailesi, Rasulullah’ın ruhu kabzedilinceye kadar, iki gün arka arkaya arpa ekmeğinden doya doya yememiştir.""","Müslim; Sahîh-i Müslim; Zühd (ve'r-rikâk); 7445, /1215","Geçim, Hz. Peygamber'in geçim sıkıntısı; Hz. Peygamber, örnekliği","11; 267; 909; 268; 54; 53; 353"
"1.9","وَحَدَّثَنِى حَجَّاجُ بْنُ الشَّاعِرِ وَأَحْمَدُ بْنُ سَعِيدِ بْنِ صَخْرٍ - وَاللَّفْظُ مِنْهُمَا قَرِيبٌ - قَالاَ حَدَّثَنَا أَبُو النُّعْمَانِ حَدَّثَنَا ثَابِتٌ - فِى رِوَايَةِ حَجَّاجِ بْنِ يَزِيدَ أَبُو زَيْدٍ الأَحْوَلُ - حَدَّثَنَا عَاصِمٌ عَنْ عَبْدِ اللَّهِ بْنِ الْحَارِثِ عَنْ أَفْلَحَ مَوْلَى أَبِى أَيُّوبَ عَنْ أَبِى أَيُّوبَ أَنَّ النَّبِىَّ صلى الله عليه وسلم نَزَلَ عَلَيْهِ فَنَزَلَ النَّبِىُّ صلى الله عليه وسلم فِى السُّفْلِ وَأَبُو أَيُّوبَ فِى الْعُلْوِ - قَالَ - فَانْتَبَهَ أَبُو أَيُّوبَ لَيْلَةً فَقَالَ نَمْشِى فَوْقَ رَأْسِ رَسُولِ اللَّهِ صلى الله عليه وسلم . فَتَنَحَّوْا فَبَاتُوا فِى جَانِبٍ ثُمَّ قَالَ لِلنَّبِىِّ صلى الله عليه وسلم فَقَالَ النَّبِىُّ صلى الله عليه وسلم « السُّفْلُ أَرْفَقُ » . فَقَالَ لاَ أَعْلُو سَقِيفَةً أَنْتَ تَحْتَهَا . فَتَحَوَّلَ النَّبِىُّ صلى الله عليه وسلم فِى الْعُلْوِ وَأَبُو أَيُّوبَ فِى السُّفْلِ فَكَانَ يَصْنَعُ لِلنَّبِىِّ صلى الله عليه وسلم طَعَامًا فَإِذَا جِىءَ بِهِ إِلَيْهِ سَأَلَ عَنْ مَوْضِعِ أَصَابِعِهِ فَيَتَتَبَّعُ مَوْضِعَ أَصَابِعِهِ فَصَنَعَ لَهُ طَعَامًا فِيهِ ثُومٌ فَلَمَّا رُدَّ إِلَيْهِ سَأَلَ عَنْ مَوْضِعِ أَصَابِعِ النَّبِىِّ صلى الله عليه وسلم فَقِيلَ لَهُ لَمْ يَأْكُلْ . فَفَزِعَ وَصَعِدَ إِلَيْهِ فَقَالَ أَحَرَامٌ هُوَ فَقَالَ النَّبِىُّ صلى الله عليه وسلم « لاَ وَلَكِنِّى أَكْرَهُهُ » . قَالَ فَإِنِّى أَكْرَهُ مَا تَكْرَهُ أَوْ مَا كَرِهْتَ . قَالَ وَكَانَ النَّبِىُّ صلى الله عليه وسلم يُؤْتَى.","Bana Haccâc b. Şâir ile Ahmed b. Saîd b. Sahr -Her iki ravinin lafızları birbirine yakındır- onlara Ebu Numan, ona Sâbit, -Haccâc b. Yezîd rivayetinde Ebu Zeyd el-Ahvel şeklinde yer almaktadır- ona Âsım, ona Abdullah b. el-Hâris, ona da Ebu Eyyûb'un (el-Ensarî) azatlısı Eflah, Ebu Eyyûb'un şöyle anlattığını nakletti: ""Peygamber (sav) ona misafir olmuş ve Efendimiz (sav) alt kata Ebu Eyyûb da üst kata yerleşmiştir. Derken Ebu Eyyûb, bir gece "" Biz, Resul-i Ekrem'in (sav) başının üzerinde yürüyoruz "" demiş. Bunun üzerine ailece bir kenara çekilip gecelemişler. Sonra Ebu Eyyûb, (bu durumu) Peygamber'e (sav) söylemiş. Efendimiz (sav) "" Alt kat daha uygun "" buyurmuştur. Ebu Eyyûb, "" Sen alt katta iken ben üstte oturamam” demiş. Bunun üzerine Peygamber (sav) üst kata, Ebu Eyyûb da alt kata geçmiştir. Ebu Eyyûb, Peygamber'e (sav) yemek yaparmış. Sofra (kaldırılıp geri) getirildiği vakit onun parmaklarının (yemek kabında değdiği) yeri sorar, (onun yediği yerden yemek amacıyla) parmaklarının değdiği yeri araştırırmış. Bir gün ona sarımsaklı bir yemek yapmış. Sofra geri getirildiği vakit Peygamber'in (sav) parmaklarının değdiği yerleri sormuş. Kendisine ""O sav yemedi” denilmiş. Bu duruma şaşırmış ve hemen Rasulullah'ın (sav) yanına çıkarak "" Sarımsak haram mıdır? "" diye sormuş. Peygamber (sav) "" Değildir! Lâkin ben ondan hoşlanmıyorum "" buyurmuştur. Ebu Eyyûb "" Öyle ise senin hoşlanmadığından yahut senin kerih gördüğünden ben de hoşlanmam "" demiş. Ebu Eyyûb "" Peygamber'e (sav) [vahiy sebebiyle gelinirdi yani melek gelirdi "" demiştir.","Müslim; Sahîh-i Müslim; Eşribe; 5358, /874","Adab, misafirlik adabı; KTB, ADAB; Kültürel Hayat, yemek kültürü; Saygı, Allah'a ve Peygamberine saygı","1554; 4741; 1379; 1238; 297; 1183"
"1.10","حَدَّثَنَا زُهَيْرُ بْنُ حَرْبٍ وَإِسْحَاقُ بْنُ إِبْرَاهِيمَ قَالَ إِسْحَاقُ أَخْبَرَنَا وَقَالَ زُهَيْرٌ حَدَّثَنَا جَرِيرٌ عَنْ مَنْصُورٍ عَنْ إِبْرَاهِيمَ عَنِ الأَسْوَدِ عَنْ عَائِشَةَ قَالَتْ مَا شَبِعَ آلُ مُحَمَّدٍ صلى الله عليه وسلم مُنْذُ قَدِمَ الْمَدِينَةَ مِنْ طَعَامِ بُرٍّ ثَلاَثَ لَيَالٍ تِبَاعًا حَتَّى قُبِضَ .","","Müslim; Sahîh-i Müslim; Zühd (ve'r-rikâk); 7443, /1214","Hz. Peygamber, ailesi",""
"2.1","حَدَّثَنَا أَبُو بَكْرِ بْنُ أَبِى شَيْبَةَ حَدَّثَنَا وَكِيعٌ عَنْ سُفْيَانَ عَنْ عَبْدِ الرَّحْمَنِ بْنِ عَابِسٍ عَنْ أَبِيهِ عَنْ عَائِشَةَ قَالَتْ: "" مَا شَبِعَ آلُ مُحَمَّدٍ صلى الله عليه وسلم مِنْ خُبْزِ بُرٍّ فَوْقَ ثَلاَثٍ"" .","Bize Ebu Bekir b. Ebu Şeybe, ona Veki' (b. Cerrah), ona Süfyan (es-Sevrî), ona Abdurrahman b. Abis, ona da babası (Âbis b. Rabî'a), Aişe’nin (r.anha) şöyle dediğini rivayet etti: ""Hz. Muhammed'in (sav) ailesi üç geceden fazla buğday ekmeğinden doya doya yemediler.""","Müslim; Sahîh-i Müslim; Zühd (ve'r-rikâk); 7446, /1215","Geçim, Hz. Peygamber, ailesinin geçimini sağlaması","11; 9617; 2794; 167; 277; 52"
"2.2","حَدَّثَنَا أَبُو بَكْرِ بْنُ أَبِى شَيْبَةَ حَدَّثَنَا حَفْصُ بْنُ غِيَاثٍ عَنْ هِشَامِ بْنِ عُرْوَةَ عَنْ أَبِيهِ قَالَ قَالَتْ عَائِشَةُ: "" مَا شَبِعَ آلُ مُحَمَّدٍ صلى الله عليه وسلم مِنْ خُبْزِ الْبُرِّ ثَلاَثًا حَتَّى مَضَى لِسَبِيلِهِ .""","Bize Ebü Bekr b. Ebû Şeybe, ona Hafs b. Gıyâs, ona Hişam b. Urve, ona da babası Aişe'den (r.anh) rivayet etmiştir: ""Âl-i Muhammed, kendisi göçüp gidinceye kadar, üç gece buğday ekmeğinden doya doya yememiştir.""","Müslim; Sahîh-i Müslim; Zühd (ve'r-rikâk); 7447, /1215","Geçim, Hz. Peygamber'in geçim sıkıntısı; Hz. Peygamber, zühdü","11; 10; 9; 1147; 52"
"2.3","حَدَّثَنَا يَحْيَى بْنُ يَحْيَى التَّمِيمِىُّ وَأَبُو بَكْرِ بْنُ أَبِى شَيْبَةَ وَمُحَمَّدُ بْنُ الْعَلاَءِ الْهَمْدَانِىُّ - وَاللَّفْظُ لِيَحْيَى - قَالَ يَحْيَى أَخْبَرَنَا وَقَالَ الآخَرَانِ حَدَّثَنَا أَبُو مُعَاوِيَةَ عَنِ الأَعْمَشِ عَنْ أَبِى صَالِحٍ عَنْ أَبِى هُرَيْرَةَ قَالَ قَالَ رَسُولُ اللَّهِ صلى الله عليه وسلم: "" مَنْ نَفَّسَ عَنْ مُؤْمِنٍ كُرْبَةً مِنْ كُرَبِ الدُّنْيَا نَفَّسَ اللَّهُ عَنْهُ كُرْبَةً مِنْ كُرَبِ يَوْمِ الْقِيَامَةِ وَمَنْ يَسَّرَ عَلَى مُعْسِرٍ يَسَّرَ اللَّهُ عَلَيْهِ فِى الدُّنْيَا وَالآخِرَةِ وَمَنْ سَتَرَ مُسْلِمًا سَتَرَهُ اللَّهُ فِى الدُّنْيَا وَالآخِرَةِ وَاللَّهُ فِى عَوْنِ الْعَبْدِ مَا كَانَ الْعَبْدُ فِى عَوْنِ أَخِيهِ وَمَنْ سَلَكَ طَرِيقًا يَلْتَمِسُ فِيهِ عِلْمًا سَهَّلَ اللَّهُ لَهُ بِهِ طَرِيقًا إِلَى الْجَنَّةِ وَمَا اجْتَمَعَ قَوْمٌ فِى بَيْتٍ مِنْ بُيُوتِ اللَّهِ يَتْلُونَ كِتَابَ اللَّهِ وَيَتَدَارَسُونَهُ بَيْنَهُمْ إِلاَّ نَزَلَتْ عَلَيْهِمُ السَّكِينَةُ وَغَشِيَتْهُمُ الرَّحْمَةُ وَحَفَّتْهُمُ الْمَلاَئِكَةُ وَذَكَرَهُمُ اللَّهُ فِيمَنْ عِنْدَهُ وَمَنْ بَطَّأَ بِهِ عَمَلُهُ لَمْ يُسْرِعْ بِهِ نَسَبُهُ .""","Bize Yahya b. Yahya et-Temîmî,Ebû Bekir b. Ebû Şeybe ve Muhammed b. el-Alâi el-Hemedânî -lafız Yahya'ya aittir-, onlara Ebû Muâviye, ona A'meş, ona Ebû Sâlih, ona da Ebû Hureyre'nin rivayet ettiğine göre Rasulullah (sav) şöyle buyurmuştur: ""Her kim dünyada bir müminin sıkıntısını giderirse Allah da onun kıyamet günü sıkıntılarından birini giderir. Her kim zor durumda kalmış bir kimseye kolaylık sağlarsa, Allah da ona dünya ve ahirette kolaylık sağlar. Her kim bir Müslümanın hatasını örterse, Allah da dünya ve ahirette onun hatasını örter. Kul kardeşinin yardımına koştuğu sürece, Allah da ona yardım eder. Her kim ilim öğrenmek için bir yola girerse, Allah ona cennetin yolunu kolaylaştırır. Bir topluluk Allah'ın evlerinden birinde toplanıp Kur'ân okur ve aralarında onu müzakere ederlerse onların üzerine sekînet (iç huzuru ve gönül rahatlığı) iner ve onları rahmet kaplar. Melekler onları kuşatır ve Allah onları nezdindekilere anar. Bir kimseyi ameli yavaşlatırsa, soyu onu hızlandıramaz.""","Müslim; Sahîh-i Müslim; Zikir ve'd-dua ve't-tevbe ve'l-istiğfâr; 6853, /1110","İbadethane, camilerde ilim halkaları oluşturmak ve müzakerelerde bulunmak; Kültür, Tecessüs, insanların ayıbını örtenin Allah ayıbını örter; Kültür, Yardım, insanlara yardımcı olanın yardımcısı Allah'tır; Kur'an, meclislerde okuyup müzakere etmek sekinet ve rahmete vesiledir; Ümmet, Allah kardeşinin sıkıntısını giderenin dünya ve ahirette sıkıntısını giderir","50; 266; 159; 88; 687"
"2.4","حَدَّثَنِى زُهَيْرُ بْنُ حَرْبٍ حَدَّثَنَا يَزِيدُ بْنُ هَارُونَ أَخْبَرَنَا أَبُو مَالِكٍ عَنْ أَبِيهِ أَنَّهُ سَمِعَ النَّبِىَّ صلى الله عليه وسلم وَأَتَاهُ رَجُلٌ فَقَالَ يَا رَسُولَ اللَّهِ كَيْفَ أَقُولُ حِينَ أَسْأَلُ رَبِّى قَالَ: "" قُلِ اللَّهُمَّ اغْفِرْ لِى وَارْحَمْنِى وَعَافِنِى وَارْزُقْنِى "" . وَيَجْمَعُ أَصَابِعَهُ إِلاَّ الإِبْهَامَ "" فَإِنَّ هَؤُلاَءِ تَجْمَعُ لَكَ دُنْيَاكَ وَآخِرَتَكَ "" .","Bana Züheyr b. Harb, ona Yezîd b. Harun, ona da Ebu Mâlik (Sa'd b. Tarık el-Eşcaî), babasının Nebi’yi (sav) dinlerken O’na bir adamın gelip şöyle dediğini rivayet etti : 'Yâ Resulallah! Rabbime nasıl dua edeyim' diye sordu. Bunun üzerine Hz. Peygamber (sav) şöyle buyurdu: ""Allah'ım! Beni affet; bana merhamet et; bana afiyet ver ve beni rızıklandır, de!"" (Bunu söylerken) baş parmağı dışındaki parmaklarını topladı ve şöyle dedi: ""İşte bunlar, senin dünyanı ve âhiretini (bir araya) toplar.""","Müslim; Sahîh-i Müslim; Zikir ve'd-dua ve't-tevbe ve'l-istiğfâr; 6851, /1110","Dua, dua etme adabı; Dua, duada dünya ve ahirete ilişkin talepte bulunmak","955; 1878; 457; 871"
"2.5","حَدَّثَنَا سَعِيدُ بْنُ أَزْهَرَ الْوَاسِطِىُّ حَدَّثَنَا أَبُو مُعَاوِيَةَ حَدَّثَنَا أَبُو مَالِكٍ الأَشْجَعِىُّ عَنْ أَبِيهِ قَالَ كَانَ الرَّجُلُ إِذَا أَسْلَمَ عَلَّمَهُ النَّبِىُّ صلى الله عليه وسلم الصَّلاَةَ ثُمَّ أَمَرَهُ أَنْ يَدْعُوَ بِهَؤُلاَءِ الْكَلِمَاتِ « اللَّهُمَّ اغْفِرْ لِى وَارْحَمْنِى وَاهْدِنِى وَعَافِنِى وَارْزُقْنِى » .","Bize Ebu Kureyb (Muhammed b. Alâ el-Hemdânî), ona Veki (b. Cerrah er-Ruasî), ona Mis’ar (b. Kidam el-Âmirî), ona Hilal b. Humeyd (el-Cühenî), ona da Urve (b. Zübeyr el-Esedî), Aişe’nin (r. anha) şöyle dediğini nakletti: ""Muhammed (sav) ailesi iki gün buğday ekmeğinden doya doya yememiştir. İki günün biri mutlaka kuru hurma olmuştur.""","Müslim; Sahîh-i Müslim; Zikir ve'd-dua ve't-tevbe ve'l-istiğfâr; 6850, /1110","Dua, dua etme adabı; Dua, hidayet istemek; KTB, DUA; SAĞLIK, ÖNEMİ VE KORUNMASI","955; 1878; 88; 4516"
"2.6","حَدَّثَنَا أَبُو كُرَيْبٍ حَدَّثَنَا وَكِيعٌ عَنْ مِسْعَرٍ عَنْ هِلاَلِ بْنِ حُمَيْدٍ عَنْ عُرْوَةَ عَنْ عَائِشَةَ قَالَتْ: ""مَا شَبِعَ آلُ مُحَمَّدٍ صلى الله عليه وسلم يَوْمَيْنِ مِنْ خُبْزِ بُرٍّ إِلاَّ وَأَحَدُهُمَا تَمْرٌ .""","Bize Ebu Bekir b. Ebu Şeybe ve Ebu Küreyb, onlara Ebu Üsame (Hammâd b. Üsame el-Kuraşî) ve İbn Nümeyr, onlara Hişam b. Urve, ona Hişam’ın babası Urve (b. Zübeyr, ona da Aişe rivayet etmiştir: ""Muhammed ailesi olarak biz, ateş yakmaksızın bir ay dururduk, (bu zaman içerisinde) yiyeceğimiz sadece su ve hurma olurdu."" Ancak Aişe, 'Muhammed ailesi' ifadesini kullanmamıştır. Ebu Küreyb ise, İbn Nümeyr’den naklettiği rivayette 'Bize et gelene kadar' ifadesini eklemiştir.","Müslim; Sahîh-i Müslim; Zühd (ve'r-rikâk); 7448, /1215","Geçim, Hz. Peygamber'in geçim sıkıntısı; Yaşam, Hz. Peygamber dönemi hayat standartı","11; 10; 2070; 984; 277; 687"
"2.7","وَحَدَّثَنَا أَبُو بَكْرِ بْنُ أَبِى شَيْبَةَ وَأَبُو كُرَيْبٍ قَالاَ حَدَّثَنَا أَبُو أُسَامَةَ وَابْنُ نُمَيْرٍ عَنْ هِشَامِ بْنِ عُرْوَةَ بِهَذَا الإِسْنَادِ (عَنْ أَبِيهِ عَنْ عَائِشَةَ): كُنَّا آلَ مُحَمَّدٍ صلى الله عليه وسلم لَنَمْكُثُ شَهْرًا مَا نَسْتَوْقِدُ بِنَارٍ إِنْ هُوَ إِلاَّ التَّمْرُ وَالْمَاءُ إِنْ كُنَّا لَنَمْكُثُ . وَلَمْ يَذْكُرْ آلَ مُحَمَّدٍ . وَزَادَ أَبُو كُرَيْبٍ فِى حَدِيثِهِ عَنِ ابْنِ نُمَيْرٍ إِلاَّ أَنْ يَأْتِيَنَا اللُّحَيْمُ .","Bize (Muhammed)İbn Ebu Halef, ona Ravh (b. Ubade el-Kaysî), ona Şube (b. Haccac), T, Bana Züheyr b. Harb, ona Affân (b. Müslim el-Bâhilî), ona Hammâd - b. Seleme- onlara Sâbit (b. Eslem el-Bünânî), ona da Enes (b. Mâlik), Nebi'den (sav) benzerini rivayet etti. Buna göre Rasulullah (sav) şöyle buyurdu: ""Sizden hiç kimse, yaşadığı bir sıkıntı sebebiyle, ölümü temenni etmesin. Mutlaka onu yapmak mecburiyeti hissederse, bari şöyle söylesin: 'Rabbim! Hakkımda hayat hayırlı ise yaşat. Ölüm hayırlı ise canımı al."" Ancak ""yaşadığı bir sıkıntı nedeniyle"" buyurdu.","Müslim; Sahîh-i Müslim; Zühd (ve'r-rikâk); 7450, /1215","Hz. Peygamber, Kişiliği, Hayatı ve Örnekliği; Kültürel Hayat, yemek kültürü","11; 10; 9; 751; 52"
"2.8","حَدَّثَنَا ابْنُ أَبِى خَلَفٍ حَدَّثَنَا رَوْحٌ حَدَّثَنَا شُعْبَةُ ح وَحَدَّثَنِى زُهَيْرُ بْنُ حَرْبٍ حَدَّثَنَا عَفَّانُ حَدَّثَنَا حَمَّادٌ - يَعْنِى ابْنَ سَلَمَةَ - كِلاَهُمَا عَنْ ثَابِتٍ عَنْ أَنَسٍ عَنِ النَّبِىِّ صلى الله عليه وسلم بِمِثْلِهِ قَالَ رَسُولُ اللَّهِ صلى الله عليه وسلم "" لاَ يَتَمَنَّيَنَّ أَحَدُكُمُ الْمَوْتَ لِضُرٍّ نَزَلَ بِهِ فَإِنْ كَانَ لاَ بُدَّ مُتَمَنِّيًا فَلْيَقُلِ اللَّهُمَّ أَحْيِنِى مَا كَانَتِ الْحَيَاةُ خَيْرًا لِى وَتَوَفَّنِى إِذَا كَانَتِ الْوَفَاةُ خَيْرًا لِى "" غَيْرَ أَنَّهُ قَالَ "" مِنْ ضُرٍّ أَصَابَهُ "" .","","Müslim; Sahîh-i Müslim; Zikir ve'd-dua ve't-tevbe ve'l-istiğfâr; 6815, /1105","Dua, dua etme adabı; Ölüm, temenni etmemek; Sabır, sabretmek","102; 1602; 54; 715; 2639"
"2.9","حَدَّثَنَا عَمْرٌو النَّاقِدُ حَدَّثَنَا عَبْدَةُ بْنُ سُلَيْمَانَ قَالَ وَيَحْيَى بْنُ يَمَانٍ حَدَّثَنَا عَنْ هِشَامِ بْنِ عُرْوَةَ عَنْ أَبِيهِ عَنْ عَائِشَةَ قَالَتْ إِنْ كُنَّا آلَ مُحَمَّدٍ صلى الله عليه وسلم لَنَمْكُثُ شَهْرًا مَا نَسْتَوْقِدُ بِنَارٍ إِنْ هُوَ إِلاَّ التَّمْرُ وَالْمَاءُ .","","Müslim; Sahîh-i Müslim; Zühd (ve'r-rikâk); 7449, /1215","Hz. Peygamber, ailesi",""
"2.10","حَدَّثَنَا أَبُو بَكْرِ بْنُ أَبِى شَيْبَةَ حَدَّثَنَا مَرْوَانُ وَعَلِىُّ بْنُ مُسْهِرٍ عَنْ مُوسَى الْجُهَنِىِّ ح وَحَدَّثَنَا مُحَمَّدُ بْنُ عَبْدِ اللَّهِ بْنِ نُمَيْرٍ - وَاللَّفْظُ لَهُ - حَدَّثَنَا أَبِى حَدَّثَنَا مُوسَى الْجُهَنِىُّ عَنْ مُصْعَبِ بْنِ سَعْدٍ حَدَّثَنِى أَبِى قَالَ كُنَّا عِنْدَ رَسُولِ اللَّهِ صلى الله عليه وسلم فَقَالَ « أَيَعْجِزُ أَحَدُكُمْ أَنْ يَكْسِبَ كُلَّ يَوْمٍ أَلْفَ حَسَنَةٍ » . فَسَأَلَهُ سَائِلٌ مِنْ جُلَسَائِهِ كَيْفَ يَكْسِبُ أَحَدُنَا أَلْفَ حَسَنَةٍ قَالَ « يُسَبِّحُ مِائَةَ تَسْبِيحَةٍ فَيُكْتَبُ لَهُ أَلْفُ حَسَنَةٍ أَوْ يُحَطُّ عَنْهُ أَلْفُ خَطِيئَةٍ » .","","Müslim; Sahîh-i Müslim; Zikir ve'd-dua ve't-tevbe ve'l-istiğfâr; 6852, /1110","Zikir, zamanı",""
"3.1","حَدَّثَنَا أَبُو بَكْرِ بْنُ أَبِى شَيْبَةَ حَدَّثَنَا عَلِىُّ بْنُ مُسْهِرٍ وَابْنُ نُمَيْرٍ عَنْ مُوسَى الْجُهَنِىِّ ح وَحَدَّثَنَا مُحَمَّدُ بْنُ عَبْدِ اللَّهِ بْنِ نُمَيْرٍ - وَاللَّفْظُ لَهُ - حَدَّثَنَا أَبِى حَدَّثَنَا مُوسَى الْجُهَنِىُّ عَنْ مُصْعَبِ بْنِ سَعْدٍ عَنْ أَبِيهِ قَالَ جَاءَ أَعْرَابِىٌّ إِلَى رَسُولِ اللَّهِ صلى الله عليه وسلم فَقَالَ عَلِّمْنِى كَلاَمًا أَقُولُهُ قَالَ « قُلْ لاَ إِلَهَ إِلاَّ اللَّهُ وَحْدَهُ لاَ شَرِيكَ لَهُ اللَّهُ أَكْبَرُ كَبِيرًا وَالْحَمْدُ لِلَّهِ كَثِيرًا سُبْحَانَ اللَّهِ رَبِّ الْعَالَمِينَ لاَ حَوْلَ وَلاَ قُوَّةَ إِلاَّ بِاللَّهِ الْعَزِيزِ الْحَكِيمِ » . قَالَ فَهَؤُلاَءِ لِرَبِّى فَمَا لِى قَالَ « قُلِ اللَّهُمَّ اغْفِرْ لِى وَارْحَمْنِى وَاهْدِنِى وَارْزُقْنِى » . قَالَ مُوسَى أَمَّا عَافِنِى فَأَنَا أَتَوَهَّمُ وَمَا أَدْرِى . وَلَمْ يَذْكُرِ ابْنُ أَبِى شَيْبَةَ فِى حَدِيثِهِ قَوْلَ مُوسَى .","Bize Ubeydullah b. Muâz, ona ba­bası, ona Şu'be, ona Sabit, o da Enes'in rivayet ettiğine göre Rasulullah (sav) şöyle buyurdu: ""Ey Rabbimiz! Bize dünyada iyilik, âhirette de iyilik ver! Ve bizi ce­hennem azabından koru!""","Müslim; Sahîh-i Müslim; Zikir ve'd-dua ve't-tevbe ve'l-istiğfâr; 6848, /1110","Dua, dua etme adabı; Dua, hidayet istemek; KTB, DUA","129; 1569; 4511; 20; 52"
"3.2","حَدَّثَنَا سُلَيْمَانُ بْنُ عُبَيْدِ اللَّهِ أَبُو أَيُّوبَ الْغَيْلاَنِىُّ حَدَّثَنَا أَبُو عَامِرٍ - يَعْنِى الْعَقَدِىَّ - حَدَّثَنَا عُمَرُ - وَهُوَ ابْنُ أَبِى زَائِدَةَ - عَنْ أَبِى إِسْحَاقَ عَنْ عَمْرِو بْنِ مَيْمُونٍ قَالَ « مَنْ قَالَ لاَ إِلَهَ إِلاَّ اللَّهُ وَحْدَهُ لاَ شَرِيكَ لَهُ لَهُ الْمُلْكُ وَلَهُ الْحَمْدُ وَهُوَ عَلَى كُلِّ شَىْءٍ قَدِيرٌ عَشْرَ مِرَارٍ كَانَ كَمَنْ أَعْتَقَ أَرْبَعَةَ أَنْفُسٍ مِنْ وَلَدِ إِسْمَاعِيلَ » .","Bana Züheyr b. Harb, ona İsmail -yani İbni Uleyye-, ona Abdü'l-Aziz'in -bu zât İbnü Suheyb'dir- rivayet ettiğine göre; Katâde, Enes'e : Nebi (sav) çoğunlukla hangi duayı okurdu? diye sordu. Enes; Nebi (sav) çoğunlukla yaptığı duada şöyle derdi: ""Allahim! Bize dünyada iyilik, ahirette de iyilik ver. Ve bizi cehennem azabından koru!"" Râvi dedi: Enes, bir istek duasında bulunmak murâd ederse bu duayı okur, herhangi bir duâ yapmak isterse, o hususta bununla duâ ederdi.","Müslim; Sahîh-i Müslim; Zikir ve'd-dua ve't-tevbe ve'l-istiğfâr; 6844, /1109","Dua, Allah’la iletişim aracı; KTB, TEVHİD","208; 268; 2249; 79; 11183"
"3.3","حَدَّثَنِى مُحَمَّدُ بْنُ عَبْدِ الْمَلِكِ الأُمَوِىُّ حَدَّثَنَا عَبْدُ الْعَزِيزِ بْنُ الْمُخْتَارِ عَنْ سُهَيْلٍ عَنْ سُمَىٍّ عَنْ أَبِى صَالِحٍ عَنْ أَبِى هُرَيْرَةَ قَالَ قَالَ رَسُولُ اللَّهِ صلى الله عليه وسلم « مَنْ قَالَ حِينَ يُصْبِحُ وَحِينَ يُمْسِى سُبْحَانَ اللَّهِ وَبِحَمْدِهِ مِائَةَ مَرَّةٍ . لَمْ يَأْتِ أَحَدٌ يَوْمَ الْقِيَامَةِ بِأَفْضَلَ مِمَّا جَاءَ بِهِ إِلاَّ أَحَدٌ قَالَ مِثْلَ مَا قَالَ أَوْ زَادَ عَلَيْهِ » .","","Müslim; Sahîh-i Müslim; Zikir ve'd-dua ve't-tevbe ve'l-istiğfâr; 6843, /1109","Dua, Allah’la iletişim aracı","50; 266; 1941; 265; 1174; 2834"
"3.4","حَدَّثَنَا يَحْيَى بْنُ يَحْيَى قَالَ قَرَأْتُ عَلَى مَالِكٍ عَنْ سُمَىٍّ عَنْ أَبِى صَالِحٍ عَنْ أَبِى هُرَيْرَةَ أَنَّ رَسُولَ اللَّهِ صلى الله عليه وسلم قَالَ « مَنْ قَالَ لاَ إِلَهَ إِلاَّ اللَّهُ وَحْدَهُ لاَ شَرِيكَ لَهُ لَهُ الْمُلْكُ وَلَهُ الْحَمْدُ وَهُوَ عَلَى كُلِّ شَىْءٍ قَدِيرٌ . فِى يَوْمٍ مِائَةَ مَرَّةٍ . كَانَتْ لَهُ عَدْلَ عَشْرِ رِقَابٍ وَكُتِبَتْ لَهُ مِائَةُ حَسَنَةٍ وَمُحِيَتْ عَنْهُ مِائَةُ سَيِّئَةٍ وَكَانَتْ لَهُ حِرْزًا مِنَ الشَّيْطَانِ يَوْمَهُ ذَلِكَ حَتَّى يُمْسِىَ وَلَمْ يَأْتِ أَحَدٌ أَفْضَلَ مِمَّا جَاءَ بِهِ إِلاَّ أَحَدٌ عَمِلَ أَكْثَرَ مِنْ ذَلِكَ . وَمَنْ قَالَ سُبْحَانَ اللَّهِ وَبِحَمْدِهِ فِى يَوْمٍ مِائَةَ مَرَّةٍ حُطَّتْ خَطَايَاهُ وَلَوْ كَانَتْ مِثْلَ زَبَدِ الْبَحْرِ » .","","Müslim; Sahîh-i Müslim; Zikir ve'd-dua ve't-tevbe ve'l-istiğfâr; 6842, /1109","Dua, Allah’la iletişim aracı; HAMD VE ŞÜKÜR; KTB, TEVHİD; Zikir, fazileti, sevabı; Zikir, lafızları, şekli","50; 266; 1941; 8; 866"
"3.5","حَدَّثَنَا عُبَيْدُ اللَّهِ بْنُ مُعَاذٍ حَدَّثَنَا أَبِى حَدَّثَنَا شُعْبَةُ عَنْ ثَابِتٍ عَنْ أَنَسٍ قَالَ كَانَ رَسُولُ اللَّهِ صلى الله عليه وسلم يَقُولُ: "" رَبَّنَا آتِنَا فِى الدُّنْيَا حَسَنَةً وَفِى الآخِرَةِ حَسَنَةً وَقِنَا عَذَابَ النَّارِ .""","","Müslim; Sahîh-i Müslim; Zikir ve'd-dua ve't-tevbe ve'l-istiğfâr; 6841, /1109","Dua, dünya ve ahiret kazancı için dua etmek; Hz. Peygamber, duaları","102; 1602; 54; 1131; 1190"
"3.6","حَدَّثَنِى زُهَيْرُ بْنُ حَرْبٍ حَدَّثَنَا إِسْمَاعِيلُ - يَعْنِى ابْنَ عُلَيَّةَ - عَنْ عَبْدِ الْعَزِيزِ - وَهُوَ ابْنُ صُهَيْبٍ - قَالَ سَأَلَ قَتَادَةُ أَنَسًا أَىُّ دَعْوَةٍ كَانَ يَدْعُو بِهَا النَّبِىُّ صلى الله عليه وسلم أَكْثَرَ قَالَ كَانَ أَكْثَرُ دَعْوَةٍ يَدْعُو بِهَا يَقُولُ "" اللَّهُمَّ آتِنَا فِى الدُّنْيَا حَسَنَةً وَفِى الآخِرَةِ حَسَنَةً وَقِنَا عَذَابَ النَّارِ "" . قَالَ وَكَانَ أَنَسٌ إِذَا أَرَادَ أَنْ يَدْعُوَ بِدَعْوَةٍ دَعَا بِهَا فَإِذَا أَرَادَ أَنْ يَدْعُوَ بِدُعَاءٍ دَعَا بِهَا فِيهِ .","","Müslim; Sahîh-i Müslim; Zikir ve'd-dua ve't-tevbe ve'l-istiğfâr; 6840, /1108","DÜNYA - AHİRET DENGESİ; Hz. Peygamber, duaları; KTB, DUA; Seçki, Hz. Peygamberin dilinden dualar","102; 101; 108; 107; 871"
"3.7","حَدَّثَنَا أَبُو كَامِلٍ الْجَحْدَرِىُّ حَدَّثَنَا عَبْدُ الْوَاحِدِ - يَعْنِى ابْنَ زِيَادٍ - حَدَّثَنَا أَبُو مَالِكٍ الأَشْجَعِىُّ عَنْ أَبِيهِ قَالَ كَانَ رَسُولُ اللَّهِ صلى الله عليه وسلم يُعَلِّمُ مَنْ أَسْلَمَ يَقُولُ « اللَّهُمَّ اغْفِرْ لِى وَارْحَمْنِى وَاهْدِنِى وَارْزُقْنِى » .","","Müslim; Sahîh-i Müslim; Zikir ve'd-dua ve't-tevbe ve'l-istiğfâr; 6849, /1110","Dua, hidayet istemek; Hz. Peygamber, duaları; KTB, DUA","50; 1440; 1483; 740; 1413"
"3.8","حَدَّثَنَا أَبُو بَكْرِ بْنُ أَبِى شَيْبَةَ وَأَبُو كُرَيْبٍ قَالاَ حَدَّثَنَا أَبُو مُعَاوِيَةَ عَنِ الأَعْمَشِ عَنْ أَبِى صَالِحٍ عَنْ أَبِى هُرَيْرَةَ قَالَ قَالَ رَسُولُ اللَّهِ صلى الله عليه وسلم « لأَنْ أَقُولَ سُبْحَانَ اللَّهِ وَالْحَمْدُ لِلَّهِ وَلاَ إِلَهَ إِلاَّ اللَّهُ وَاللَّهُ أَكْبَرُ أَحَبُّ إِلَىَّ مِمَّا طَلَعَتْ عَلَيْهِ الشَّمْسُ » .","","Müslim; Sahîh-i Müslim; Zikir ve'd-dua ve't-tevbe ve'l-istiğfâr; 6847, /1109","Hz. Peygamber, duaları",""
"3.9","حَدَّثَنَا مُحَمَّدُ بْنُ عَبْدِ اللَّهِ بْنِ نُمَيْرٍ وَزُهَيْرُ بْنُ حَرْبٍ وَأَبُو كُرَيْبٍ وَمُحَمَّدُ بْنُ طَرِيفٍ الْبَجَلِىُّ قَالُوا حَدَّثَنَا ابْنُ فُضَيْلٍ عَنْ عُمَارَةَ بْنِ الْقَعْقَاعِ عَنْ أَبِى زُرْعَةَ عَنْ أَبِى هُرَيْرَةَ قَالَ قَالَ رَسُولُ اللَّهِ صلى الله عليه وسلم « كَلِمَتَانِ خَفِيفَتَانِ عَلَى اللِّسَانِ ثَقِيلَتَانِ فِى الْمِيزَانِ حَبِيبَتَانِ إِلَى الرَّحْمَنِ سُبْحَانَ اللَّهِ وَبِحَمْدِهِ سُبْحَانَ اللَّهِ الْعَظِيمِ » .","","Müslim; Sahîh-i Müslim; Zikir ve'd-dua ve't-tevbe ve'l-istiğfâr; 6846, /1109","Hz. Peygamber, duaları; Zikir, lafızları, şekli",""
"3.10","وَقَالَ سُلَيْمَانُ حَدَّثَنَا أَبُو عَامِرٍ حَدَّثَنَا عُمَرُ حَدَّثَنَا عَبْدُ اللَّهِ بْنُ أَبِى السَّفَرِ عَنِ الشَّعْبِىِّ عَنْ رَبِيعِ بْنِ خُثَيْمٍ . بِمِثْلِ ذَلِكَ « مَنْ قَالَ لاَ إِلَهَ إِلاَّ اللَّهُ وَحْدَهُ لاَ شَرِيكَ لَهُ لَهُ الْمُلْكُ وَلَهُ الْحَمْدُ وَهُوَ عَلَى كُلِّ شَىْءٍ قَدِيرٌ عَشْرَ مِرَارٍ كَانَ كَمَنْ أَعْتَقَ أَرْبَعَةَ أَنْفُسٍ مِنْ وَلَدِ إِسْمَاعِيلَ » قَالَ فَقُلْتُ لِلرَّبِيعِ مِمَّنْ سَمِعْتَهُ قَالَ مِنْ عَمْرِو بْنِ مَيْمُونٍ - قَالَ - فَأَتَيْتُ عَمْرَو بْنَ مَيْمُونٍ فَقُلْتُ مِمَّنْ سَمِعْتَهُ قَالَ مِنِ ابْنِ أَبِى لَيْلَى - قَالَ - فَأَتَيْتُ ابْنَ أَبِى لَيْلَى فَقُلْتُ مِمَّنْ سَمِعْتَهُ قَالَ مِنْ أَبِى أَيُّوبَ الأَنْصَارِىِّ يُحَدِّثُهُ عَنْ رَسُولِ اللَّهِ صلى الله عليه وسلم .","","Müslim; Sahîh-i Müslim; Zikir ve'd-dua ve't-tevbe ve'l-istiğfâr; 6845, /1109","Hadis Rivayeti; KTB, TEVHİD",""
"4.1","حَدَّثَنَاهُ عَاصِمُ بْنُ النَّضْرِ التَّيْمِىُّ حَدَّثَنَا خَالِدُ بْنُ الْحَارِثِ حَدَّثَنَا حُمَيْدٌ بِهَذَا الإِسْنَادِ عَنْ ثَابِتٍ عَنْ أَنَسٍ إِلَى قَوْلِهِ "" وَقِنَا عَذَابَ النَّارِ "" أَنَّ رَسُولَ اللَّهِ صلى الله عليه وسلم عَادَ رَجُلاً مِنَ الْمُسْلِمِينَ قَدْ خَفَتَ فَصَارَ مِثْلَ الْفَرْخِ فَقَالَ لَهُ رَسُولُ اللَّهِ صلى الله عليه وسلم « هَلْ كُنْتَ تَدْعُو بِشَىْءٍ أَوْ تَسْأَلُهُ إِيَّاهُ » . قَالَ نَعَمْ كُنْتُ أَقُولُ اللَّهُمَّ مَا كُنْتَ مُعَاقِبِى بِهِ فِى الآخِرَةِ فَعَجِّلْهُ لِى فِى الدُّنْيَا . فَقَالَ رَسُولُ اللَّهِ صلى الله عليه وسلم « سُبْحَانَ اللَّهِ لاَ تُطِيقُهُ - أَوْ لاَ تَسْتَطِيعُهُ - أَفَلاَ قُلْتَ اللَّهُمَّ آتِنَا فِى الدُّنْيَا حَسَنَةً وَفِى الآخِرَةِ حَسَنَةً وَقِنَا عَذَابَ النَّارِ » . وَلَمْ يَذْكُرِ الزِّيَادَةَ .","Bize Âsım b. Nadr et-Teymî, ona Halid b. Hâris, ona da Humeyd bu isnadla ""Bizi cehennem azabından koru"" ifadesine dek nakledip ilave bilgiyi zikretmemiştir.","Müslim; Sahîh-i Müslim; Zikir ve'd-dua ve't-tevbe ve'l-istiğfâr; 6836, /1108","Dua, Dua ve sağlık; Dua, duanın kader ile ilişkisi; KTB, KADER; Ölüm, temenni etmemek","102; 1602; 319; 1082; 1301"
"4.2","حَدَّثَنَا أَبُو الْخَطَّابِ زِيَادُ بْنُ يَحْيَى الْحَسَّانِىُّ حَدَّثَنَا مُحَمَّدُ بْنُ أَبِى عَدِىٍّ عَنْ حُمَيْدٍ عَنْ ثَابِتٍ عَنْ أَنَسٍ أَنَّ رَسُولَ اللَّهِ صلى الله عليه وسلم عَادَ رَجُلاً مِنَ الْمُسْلِمِينَ قَدْ خَفَتَ فَصَارَ مِثْلَ الْفَرْخِ فَقَالَ لَهُ رَسُولُ اللَّهِ صلى الله عليه وسلم "" هَلْ كُنْتَ تَدْعُو بِشَىْءٍ أَوْ تَسْأَلُهُ إِيَّاهُ "" . قَالَ نَعَمْ كُنْتُ أَقُولُ اللَّهُمَّ مَا كُنْتَ مُعَاقِبِى بِهِ فِى الآخِرَةِ فَعَجِّلْهُ لِى فِى الدُّنْيَا . فَقَالَ رَسُولُ اللَّهِ صلى الله عليه وسلم "" سُبْحَانَ اللَّهِ لاَ تُطِيقُهُ - أَوْ لاَ تَسْتَطِيعُهُ - أَفَلاَ قُلْتَ اللَّهُمَّ آتِنَا فِى الدُّنْيَا حَسَنَةً وَفِى الآخِرَةِ حَسَنَةً وَقِنَا عَذَابَ النَّارِ "" . قَالَ فَدَعَا اللَّهَ لَهُ فَشَفَاهُ .","Bize Ebu Hattâb Ziyad b. Yahya el-Hassânî, ona Muhammed b. Ebu Adiyy, ona Humeyd et-Tavîl , ona Sabit b. Eslem el-Bünânî , ona da Enes b. Malik şöyle rivayet etti: Rasulullah (sav) müslümanlardan zayıflamış, kuş gibi olmuş bir kimseye uğradı. Rasulullah (sav) ona: ""Allah'a bir şey ile dua ediyor muydun? veya Allah'tan bir şey istiyor muydun?"" dedi. Adam da: 'Evet, Allah'ım! Bana ahirette ne ile ceza vereceksen onu bu dünyada peşinen ver, diye dua ediyordum', dedi. Bunun üzerine Rasulullah (sav) ""Subhanallah! (Allah'ı tenzih ederim!) Sen buna güç yetiremezsin -senin buna gücün yetmez-. Allah'ım! Bize bu dünyada da ahirette de iyilik ver ve bizi cehennem azabından koru, diye dua etseydin ya!"" buyurdu. Ardından o adam için Allah'a dua etti, Allah da ona şifa verdi.","Müslim; Sahîh-i Müslim; Zikir ve'd-dua ve't-tevbe ve'l-istiğfâr; 6835, /1108","Dua, Dua ve sağlık; Dua, duada aceleci davranmak; Dua, duanın kader ile ilişkisi; Ölüm, temenni etmemek","102; 1602; 319; 686; 6234"
"4.3","وَحَدَّثَنِى زُهَيْرُ بْنُ حَرْبٍ حَدَّثَنَا عَفَّانُ حَدَّثَنَا حَمَّادٌ أَخْبَرَنَا ثَابِتٌ عَنْ أَنَسٍ أَنَّ رَسُولَ اللَّهِ صلى الله عليه وسلم دَخَلَ عَلَى رَجُلٍ مِنْ أَصْحَابِهِ يَعُودُهُ وَقَدْ صَارَ كَالْفَرْخِ . بِمَعْنَى حَدِيثِ حُمَيْدٍ أَنَّ رَسُولَ اللَّهِ صلى الله عليه وسلم عَادَ رَجُلاً مِنَ الْمُسْلِمِينَ قَدْ خَفَتَ فَصَارَ مِثْلَ الْفَرْخِ فَقَالَ لَهُ رَسُولُ اللَّهِ صلى الله عليه وسلم « هَلْ كُنْتَ تَدْعُو بِشَىْءٍ أَوْ تَسْأَلُهُ إِيَّاهُ » . قَالَ نَعَمْ كُنْتُ أَقُولُ اللَّهُمَّ مَا كُنْتَ مُعَاقِبِى بِهِ فِى الآخِرَةِ فَعَجِّلْهُ لِى فِى الدُّنْيَا . فَقَالَ رَسُولُ اللَّهِ صلى الله عليه وسلم « سُبْحَانَ اللَّهِ لاَ تُطِيقُهُ - أَوْ لاَ تَسْتَطِيعُهُ - أَفَلاَ قُلْتَ اللَّهُمَّ آتِنَا فِى الدُّنْيَا حَسَنَةً وَفِى الآخِرَةِ حَسَنَةً وَقِنَا عَذَابَ النَّارِ » . قَالَ فَدَعَا اللَّهَ لَهُ فَشَفَاهُ غَيْرَ أَنَّهُ قَالَ « لاَ طَاقَةَ لَكَ بِعَذَابِ اللَّهِ » . وَلَمْ يَذْكُرْ فَدَعَا اللَّهَ لَهُ فَشَفَاهُ .","Bana Züheyr b. Harb, ona Affân, ona Hammâd, ona Sabit, ona da Enes'in rivayet ettiğine göre; Rasulullah (sav) dolaşmak üzere ashabından bir zâtın yanına girmiş. Adam kuş yavrusu gibiydi zayıflamıştı . Hadis, Humeyd hadisinin anlamındadır. Yalnız o, ""Allah'ın azabına sen güç getiremezsin."" demiş, peşinden ""onun için Allah'a dua etti. Allah da şifasını verdi"" cümlesini söylememiştir.","Müslim; Sahîh-i Müslim; Zikir ve'd-dua ve't-tevbe ve'l-istiğfâr; 6837, /1108","Dua, Dua ve sağlık; Dua, duanın kader ile ilişkisi; KTB, KADER","102; 1602; 317; 321; 871"
"4.4","حَدَّثَنَا مُحَمَّدُ بْنُ عَبْدِ الأَعْلَى الْقَيْسِىُّ حَدَّثَنَا مُعْتَمِرٌ عَنْ أَبِيهِ بِهَذَا الإِسْنَادِ عَنْ أَنَسِ بْنِ مَالِكٍ عَنْ أَبِى هُرَيْرَةَ « قَالَ اللَّهُ عَزَّ وَجَلَّ إِذَا تَقَرَّبَ عَبْدِى مِنِّى شِبْرًا تَقَرَّبْتُ مِنْهُ ذِرَاعًا وَإِذَا تَقَرَّبَ مِنِّى ذِرَاعًا تَقَرَّبْتُ مِنْهُ بَاعًا - أَوْ بُوعًا - وَإِذَا أَتَانِى يَمْشِى أَتَيْتُهُ هَرْوَلَةً »] وَلَمْ يَذْكُرْ «إِذَا أَتَانِى يَمْشِى أَتَيْتُهُ هَرْوَلَةً» .","Bize Muhammed b. Müsanna ve İbn Beşşar, onlara Salim b. Nuh el-Attâr, ona Said b. Ebu Arube, ona Katade, ona da Enes, Rasulullah'dan (sav) bu hadisi (Rasulullah (sav) müslümanlardan kuş gibi zayıflamış bir kimseye uğradı. Rasulullah (sav) ona: Allah'a bir şey ile dua ediyor muydun? veya Allah'tan bir şey istiyor muydun? "" dedi. Adam da: "" Evet, Allah'ım! Bana ahirette ne ile ceza vereceksen onu bu dünyada peşinen ver, diye dua ediyordum, dedi. Bunun üzerine Rasulullah (sav) ""Subhanallah! (Allah'ı tenzih ederim!) Senin buna gücün yetmez. Allah'ım! Bize bu dünyada da ahirette de iyilik ver ve bizi cehennem azabından koru, diye dua etseydin ya!"" buyurdu. Ardından o adam için Allah'a dua etti de Allah ona şifa nasip eyledi.""","Müslim; Sahîh-i Müslim; Zikir ve'd-dua ve't-tevbe ve'l-istiğfâr; 6831, /1107","Allah İnancı, kullarına karşı sevecen ve merhametlidir","50; 102; 433; 427; 1083"
"4.5","حَدَّثَنَا أَبُو كُرَيْبٍ حَدَّثَنَا أَبُو مُعَاوِيَةَ عَنِ الأَعْمَشِ بِهَذَا الإِسْنَادِ (عَنِ الْمَعْرُورِ بْنِ سُوَيْدٍ عَنْ أَبِى ذَرٍّ) . نَحْوَهُ (قَالَ رَسُولُ اللَّهِ صلى الله عليه وسلم "" يَقُولُ اللَّهُ عَزَّ وَجَلَّ مَنْ جَاءَ بِالْحَسَنَةِ فَلَهُ عَشْرُ أَمْثَالِهَا وَأَزِيدُ وَمَنْ جَاءَ بِالسَّيِّئَةِ فَجَزَاؤُهُ سَيِّئَةٌ مِثْلُهَا أَوْ أَغْفِرُ وَمَنْ تَقَرَّبَ مِنِّى شِبْرًا تَقَرَّبْتُ مِنْهُ ذِرَاعًا وَمَنْ تَقَرَّبَ مِنِّى ذِرَاعًا تَقَرَّبْتُ مِنْهُ بَاعًا وَمَنْ أَتَانِى يَمْشِى أَتَيْتُهُ هَرْوَلَةً وَمَنْ لَقِيَنِى بِقُرَابِ الأَرْضِ خَطِيئَةً لاَ يُشْرِكُ بِى شَيْئًا لَقِيتُهُ بِمِثْلِهَا مَغْفِرَةً "" ) غَيْرَ أَنَّهُ قَالَ "" فَلَهُ عَشْرُ أَمْثَالِهَا أَوْ أَزِيدُ ""","","Müslim; Sahîh-i Müslim; Zikir ve'd-dua ve't-tevbe ve'l-istiğfâr; 6834, /1107","Allah İnancı, kullarına karşı sevecen ve merhametlidir","78; 13413; 159; 88; 687"
"4.6","حَدَّثَنَا أَبُو بَكْرِ بْنُ أَبِى شَيْبَةَ حَدَّثَنَا وَكِيعٌ حَدَّثَنَا الأَعْمَشُ عَنِ الْمَعْرُورِ بْنِ سُوَيْدٍ عَنْ أَبِى ذَرٍّ قَالَ قَالَ رَسُولُ اللَّهِ صلى الله عليه وسلم : "" يَقُولُ اللَّهُ عَزَّ وَجَلَّ مَنْ جَاءَ بِالْحَسَنَةِ فَلَهُ عَشْرُ أَمْثَالِهَا وَأَزِيدُ وَمَنْ جَاءَ بِالسَّيِّئَةِ فَجَزَاؤُهُ سَيِّئَةٌ مِثْلُهَا أَوْ أَغْفِرُ وَمَنْ تَقَرَّبَ مِنِّى شِبْرًا تَقَرَّبْتُ مِنْهُ ذِرَاعًا وَمَنْ تَقَرَّبَ مِنِّى ذِرَاعًا تَقَرَّبْتُ مِنْهُ بَاعًا وَمَنْ أَتَانِى يَمْشِى أَتَيْتُهُ هَرْوَلَةً وَمَنْ لَقِيَنِى بِقُرَابِ الأَرْضِ خَطِيئَةً لاَ يُشْرِكُ بِى شَيْئًا لَقِيتُهُ بِمِثْلِهَا مَغْفِرَةً ."" قَالَ إِبْرَاهِيمُ حَدَّثَنَا الْحَسَنُ بْنُ بِشْرٍ حَدَّثَنَا وَكِيعٌ بِهَذَا الْحَدِيثِ.","","Müslim; Sahîh-i Müslim; Zikir ve'd-dua ve't-tevbe ve'l-istiğfâr; 6833, /1107","Allah İnancı, bağışlaması, affediciliği; Allah İnancı, kullarına karşı sevecen ve merhametlidir","78; 13413; 159; 277; 52"
"4.7","حَدَّثَنَا أَبُو بَكْرِ بْنُ أَبِى شَيْبَةَ وَأَبُو كُرَيْبٍ - وَاللَّفْظُ لأَبِى كُرَيْبٍ - قَالاَ حَدَّثَنَا أَبُو مُعَاوِيَةَ عَنِ الأَعْمَشِ عَنْ أَبِى صَالِحٍ عَنْ أَبِى هُرَيْرَةَ قَالَ قَالَ رَسُولُ اللَّهِ صلى الله عليه وسلم « يَقُولُ اللَّهُ عَزَّ وَجَلَّ أَنَا عِنْدَ ظَنِّ عَبْدِى وَأَنَا مَعَهُ حِينَ يَذْكُرُنِى فَإِنْ ذَكَرَنِى فِى نَفْسِهِ ذَكَرْتُهُ فِى نَفْسِى وَإِنْ ذَكَرَنِى فِى مَلإٍ ذَكَرْتُهُ فِى مَلإٍ خَيْرٍ مِنْهُ وَإِنِ اقْتَرَبَ إِلَىَّ شِبْرًا تَقَرَّبْتُ إِلَيْهِ ذِرَاعًا وَإِنِ اقْتَرَبَ إِلَىَّ ذِرَاعًا اقْتَرَبْتُ إِلَيْهِ بَاعًا وَإِنْ أَتَانِى يَمْشِى أَتَيْتُهُ هَرْوَلَةً » .","","Müslim; Sahîh-i Müslim; Zikir ve'd-dua ve't-tevbe ve'l-istiğfâr; 6832, /1107","Allah İnancı, kullarına karşı sevecen ve merhametlidir; Seçki, İlişkiler ağı; Zan, Allah hakkında zan","50; 266; 159; 88; 52"
"4.8","حَدَّثَنَا مُحَمَّدُ بْنُ الْمُثَنَّى وَابْنُ بَشَّارٍ قَالاَ حَدَّثَنَا سَالِمُ بْنُ نُوحٍ الْعَطَّارُ عَنْ سَعِيدِ بْنِ أَبِى عَرُوبَةَ عَنْ قَتَادَةَ عَنْ أَنَسٍ عَنِ النَّبِىِّ صلى الله عليه وسلم بِهَذَا الْحَدِيثِ (أَنَّ رَسُولَ اللَّهِ صلى الله عليه وسلم عَادَ رَجُلاً مِنَ الْمُسْلِمِينَ قَدْ خَفَتَ فَصَارَ مِثْلَ الْفَرْخِ فَقَالَ لَهُ رَسُولُ اللَّهِ صلى الله عليه وسلم "" هَلْ كُنْتَ تَدْعُو بِشَىْءٍ أَوْ تَسْأَلُهُ إِيَّاهُ ."" قَالَ نَعَمْ كُنْتُ أَقُولُ ' اللَّهُمَّ مَا كُنْتَ مُعَاقِبِى بِهِ فِى الآخِرَةِ فَعَجِّلْهُ لِى فِى الدُّنْيَا .' فَقَالَ رَسُولُ اللَّهِ صلى الله عليه وسلم: "" سُبْحَانَ اللَّهِ لاَ تُطِيقُهُ - أَوْ لاَ تَسْتَطِيعُهُ - أَفَلاَ قُلْتَ اللَّهُمَّ آتِنَا فِى الدُّنْيَا حَسَنَةً وَفِى الآخِرَةِ حَسَنَةً وَقِنَا عَذَابَ النَّارِ ."" قَالَ فَدَعَا اللَّهَ لَهُ فَشَفَاهُ.","","Müslim; Sahîh-i Müslim; Zikir ve'd-dua ve't-tevbe ve'l-istiğfâr; 6838, /1108","Dua, duada dünya ve ahirete ilişkin talepte bulunmak","102; 101; 786; 5803; 57; 353"
"4.9","حَدَّثَنَا زُهَيْرُ بْنُ حَرْبٍ حَدَّثَنَا إِسْمَاعِيلُ - يَعْنِى ابْنَ عُلَيَّةَ - عَنْ عَبْدِ الْعَزِيزِ عَنْ أَنَسٍ قَالَ قَالَ رَسُولُ اللَّهِ صلى الله عليه وسلم « لاَ يَتَمَنَّيَنَّ أَحَدُكُمُ الْمَوْتَ لِضُرٍّ نَزَلَ بِهِ فَإِنْ كَانَ لاَ بُدَّ مُتَمَنِّيًا فَلْيَقُلِ اللَّهُمَّ أَحْيِنِى مَا كَانَتِ الْحَيَاةُ خَيْرًا لِى وَتَوَفَّنِى إِذَا كَانَتِ الْوَفَاةُ خَيْرًا لِى » .","","Müslim; Sahîh-i Müslim; Zikir ve'd-dua ve't-tevbe ve'l-istiğfâr; 6814, /1105","Dua, dua etme adabı; Ölüm, temenni etmemek; Sabır, sabretmek","102; 108; 107; 871"
"4.10","حَدَّثَنَا مُحَمَّدُ بْنُ حَاتِمِ بْنِ مَيْمُونٍ حَدَّثَنَا بَهْزٌ حَدَّثَنَا وُهَيْبٌ حَدَّثَنَا سُهَيْلٌ عَنْ أَبِيهِ عَنْ أَبِى هُرَيْرَةَ عَنِ النَّبِىِّ صلى الله عليه وسلم قَالَ « إِنَّ لِلَّهِ تَبَارَكَ وَتَعَالَى مَلاَئِكَةً سَيَّارَةً فُضْلاً يَتَبَّعُونَ مَجَالِسَ الذِّكْرِ فَإِذَا وَجَدُوا مَجْلِسًا فِيهِ ذِكْرٌ قَعَدُوا مَعَهُمْ وَحَفَّ بَعْضُهُمْ بَعْضًا بِأَجْنِحَتِهِمْ حَتَّى يَمْلَئُوا مَا بَيْنَهُمْ وَبَيْنَ السَّمَاءِ الدُّنْيَا فَإِذَا تَفَرَّقُوا عَرَجُوا وَصَعِدُوا إِلَى السَّمَاءِ - قَالَ - فَيَسْأَلُهُمُ اللَّهُ عَزَّ وَجَلَّ وَهُوَ أَعْلَمُ بِهِمْ مِنْ أَيْنَ جِئْتُمْ فَيَقُولُونَ جِئْنَا مِنْ عِنْدِ عِبَادٍ لَكَ فِى الأَرْضِ يُسَبِّحُونَكَ وَيُكَبِّرُونَكَ وَيُهَلِّلُونَكَ وَيَحْمَدُونَكَ وَيَسْأَلُونَكَ . قَالَ وَمَاذَا يَسْأَلُونِى قَالُوا يَسْأَلُونَكَ جَنَّتَكَ . قَالَ وَهَلْ رَأَوْا جَنَّتِى قَالُوا لاَ أَىْ رَبِّ . قَالَ فَكَيْفَ لَوْ رَأَوْا جَنَّتِى قَالُوا وَيَسْتَجِيرُونَكَ . قَالَ وَمِمَّ يَسْتَجِيرُونَنِى قَالُوا مِنْ نَارِكَ يَا رَبِّ . قَالَ وَهَلْ رَأَوْا نَارِى قَالُوا لاَ . قَالَ فَكَيْفَ لَوْ رَأَوْا نَارِى قَالُوا وَيَسْتَغْفِرُونَكَ - قَالَ - فَيَقُولُ قَدْ غَفَرْتُ لَهُمْ فَأَعْطَيْتُهُمْ مَا سَأَلُوا وَأَجَرْتُهُمْ مِمَّا اسْتَجَارُوا - قَالَ - فَيَقُولُونَ رَبِّ فِيهِمْ فُلاَنٌ عَبْدٌ خَطَّاءٌ إِنَّمَا مَرَّ فَجَلَسَ مَعَهُمْ قَالَ فَيَقُولُ وَلَهُ غَفَرْتُ هُمُ الْقَوْمُ لاَ يَشْقَى بِهِمْ جَلِيسُهُمْ » .","","Müslim; Sahîh-i Müslim; Zikir ve'd-dua ve't-tevbe ve'l-istiğfâr; 6839, /1108","Zikir, zikir meclisleri",""
